{
  "CodeLlama": 0.7361111111111112,
  "Gemma": 0.47575757575757577,
  "GPT4o": 0.07407407407407403,
  "Mixtral": 0.26666666666666666,
  "MixtralExpert": 0.34159779614325064,
  "Phi": 0.021857923497267732
}