{
  "CodeLlama": 0.46037735849056605,
  "Mixtral": 0.5644444444444445,
  "Phi": 0.5818181818181818
}