{
  "CodeLlama": 0.4691358024691357,
  "Gemma": 0.31920903954802266,
  "GPT4o": 0.2037037037037037,
  "Mixtral": 0.2838541666666667,
  "MixtralExpert": 0.22135416666666666,
  "Phi": 0.010498687664041967
}