{
  "CodeLlama": 0.9583333333333334,
  "Gemma": 0.42727272727272725,
  "GPT4o": 0.018518518518518465,
  "Mixtral": 0.13066666666666668,
  "MixtralExpert": 0.15702479338842976,
  "Phi": 0.0163934426229508
}