{
  "CodeLlama": 0.513888888888889,
  "Gemma": 0.3636363636363636,
  "GPT4o": 0.07407407407407403,
  "Mixtral": 0.18400000000000002,
  "MixtralExpert": 0.20661157024793386,
  "Phi": 0.0081967213114754
}