blind_name,yes_yes,yes_no,no_yes,no_no,blind_rate
CodeLlama,22,2,72,32,0.08333333333333333
Gemma,110,0,18,0,0.0
GPT4o,57,69,0,2,0.5476190476190477
Mixtral,85,40,2,1,0.32
MixtralExpert,99,22,6,1,0.18181818181818182
Phi,122,0,6,0,0.0
