{
  "CodeLlama": 0.40277777777777773,
  "Gemma": 0.14545454545454542,
  "GPT4o": 0.19841269841269846,
  "Mixtral": 0.25866666666666666,
  "MixtralExpert": 0.14876033057851237,
  "Phi": 0.0081967213114754
}