{
  "CodeLlama": 0.3333333333333333,
  "Gemma": 0.39999999999999997,
  "GPT4o": 0.044973544973544936,
  "Mixtral": 0.4853333333333334,
  "MixtralExpert": 0.4077134986225895,
  "Phi": 0.22131147540983598
}