{
  "CodeLlama": 0.4725925925925926,
  "Gemma": 0.17745762711864402,
  "GPT4o": 0.21785714285714278,
  "Mixtral": 0.058984375,
  "MixtralExpert": 0.04765625,
  "Phi": 0.004881889763779501
}