{
  "CodeLlama": 0.7037037037037036,
  "Gemma": 0.376271186440678,
  "GPT4o": 0.09682539682539679,
  "Mixtral": 0.1609375,
  "MixtralExpert": 0.1578125,
  "Phi": 0.19527559055118107
}