{
  "CodeLlama": 0.9444444444444445,
  "Gemma": 0.3575757575757576,
  "GPT4o": 0.0132275132275132,
  "Mixtral": 0.21333333333333335,
  "MixtralExpert": 0.13223140495867766,
  "Phi": 0.019125683060109266
}