{
  "CodeLlama": 0.9583333333333334,
  "Gemma": 0.25151515151515147,
  "GPT4o": 0.015873015873015834,
  "Mixtral": 0.07200000000000001,
  "MixtralExpert": 0.10192837465564734,
  "Phi": 0.010928961748633866
}