blind_name,yes_yes,yes_no,no_yes,no_no,blind_rate
CodeLlama,15,58,0,27,0.7945205479452054
Mixtral,20,67,4,9,0.7701149425287356
Phi,39,38,0,23,0.4935064935064935
