blind_name,yes_yes,yes_no,no_yes,no_no,blind_rate
CodeLlama,44,29,1,26,0.3972602739726027
Mixtral,41,46,2,11,0.5287356321839081
Phi,45,32,0,23,0.4155844155844156
