blind_name,yes_yes,yes_no,no_yes,no_no,blind_rate
CodeLlama,55,18,8,19,0.2465753424657534
Mixtral,44,43,4,9,0.4942528735632184
Phi,14,63,1,22,0.8181818181818182
