blind_name,yes_yes,yes_no,no_yes,no_no,blind_rate
CodeLlama,67,6,15,12,0.0821917808219178
Mixtral,47,40,7,6,0.45977011494252873
Phi,43,34,3,20,0.44155844155844154
