{
  "CodeLlama": 0.6404166666666665,
  "Gemma": 0.3826363636363636,
  "GPT4o": 0.22158730158730147,
  "Mixtral": 0.11872000000000002,
  "MixtralExpert": 0.10677685950413215,
  "Phi": 0.012540983606557364
}