blind_name,yes_yes,yes_no,no_yes,no_no,blind_rate
CodeLlama,7,20,7,94,0.7407407407407407
Gemma,63,55,1,9,0.4661016949152542
GPT4o,126,0,1,1,0.0
Mixtral,123,5,0,0,0.0390625
MixtralExpert,116,12,0,0,0.09375
Phi,127,0,1,0,0.0
