{
  "CodeLlama": 0.4579166666666667,
  "Gemma": 0.17372727272727267,
  "GPT4o": 0.21785714285714278,
  "Mixtral": 0.056560000000000006,
  "MixtralExpert": 0.04280991735537187,
  "Phi": 0.004426229508196717
}