{
  "CodeLlama": 0.7833333333333333,
  "Gemma": 0.43272727272727274,
  "GPT4o": 0.09841269841269837,
  "Mixtral": 0.192,
  "MixtralExpert": 0.23636363636363633,
  "Phi": 0.20327868852459013
}