{
  "CodeLlama": 0.7361111111111112,
  "Gemma": 0.396969696969697,
  "GPT4o": 0.19312169312169314,
  "Mixtral": 0.432,
  "MixtralExpert": 0.2892561983471074,
  "Phi": 0.019125683060109266
}