{
  "CodeLlama": 0.4444444444444444,
  "Gemma": 0.3121212121212121,
  "GPT4o": 0.2037037037037037,
  "Mixtral": 0.2773333333333334,
  "MixtralExpert": 0.22038567493112945,
  "Phi": 0.0081967213114754
}