{
  "CodeLlama": 0.4444444444444445,
  "Gemma": 0.6606060606060605,
  "GPT4o": 0.11111111111111106,
  "Mixtral": 0.7333333333333334,
  "MixtralExpert": 0.41873278236914596,
  "Phi": 0.22950819672131148
}