{
  "CodeLlama": 0.26388888888888884,
  "Gemma": 0.2696969696969696,
  "GPT4o": 0.05820105820105817,
  "Mixtral": 0.39466666666666667,
  "MixtralExpert": 0.28650137741046827,
  "Phi": 0.12841530054644804
}