{
  "CodeLlama": 0.9382716049382717,
  "Gemma": 0.2655367231638418,
  "GPT4o": 0.015873015873015834,
  "Mixtral": 0.08072916666666667,
  "MixtralExpert": 0.11197916666666667,
  "Phi": 0.013123359580052433
}