{
  "CodeLlama": 0.3209876543209876,
  "Gemma": 0.2740112994350283,
  "GPT4o": 0.044973544973544936,
  "Mixtral": 0.4010416666666667,
  "MixtralExpert": 0.296875,
  "Phi": 0.12335958005249341
}