{
  "CodeLlama": 0.5061728395061728,
  "Gemma": 0.1271186440677966,
  "GPT4o": 0.19312169312169314,
  "Mixtral": 0.3098958333333333,
  "MixtralExpert": 0.17447916666666666,
  "Phi": 0.015748031496062933
}