{
  "CodeLlama": 0.4583333333333333,
  "Gemma": 0.706060606060606,
  "GPT4o": 0.18253968253968247,
  "Mixtral": 0.6266666666666667,
  "MixtralExpert": 0.38016528925619836,
  "Phi": 0.2622950819672131
}