{
  "CodeLlama": 0.9351851851851852,
  "Gemma": 0.3432203389830508,
  "GPT4o": 0.011904761904761876,
  "Mixtral": 0.171875,
  "MixtralExpert": 0.130859375,
  "Phi": 0.0177165354330708
}