blind_name,yes_yes,yes_no,no_yes,no_no,blind_rate
CodeLlama,23,4,71,30,0.14814814814814814
Gemma,118,0,10,0,0.0
GPT4o,57,69,0,2,0.5476190476190477
Mixtral,87,41,0,0,0.3203125
MixtralExpert,105,23,0,0,0.1796875
Phi,127,0,1,0,0.0
