blind_name,yes_yes,yes_no,no_yes,no_no,blind_rate
CodeLlama,1,23,2,102,0.9583333333333334
Gemma,70,40,4,14,0.36363636363636365
GPT4o,123,3,1,1,0.023809523809523808
Mixtral,117,8,0,3,0.064
MixtralExpert,95,26,3,4,0.21487603305785125
Phi,122,0,5,1,0.0
