blind_name,yes_yes,yes_no,no_yes,no_no,blind_rate
CodeLlama,12,12,60,44,0.5
Gemma,73,37,2,16,0.33636363636363636
GPT4o,125,1,1,1,0.007936507936507936
Mixtral,122,3,1,2,0.024
MixtralExpert,116,5,4,3,0.04132231404958678
Phi,119,3,2,4,0.02459016393442623
