blind_name,yes_yes,yes_no,no_yes,no_no,blind_rate
CodeLlama,11,13,19,85,0.5416666666666666
Gemma,73,37,3,15,0.33636363636363636
GPT4o,0,126,0,2,1.0
Mixtral,107,18,1,2,0.144
MixtralExpert,116,5,4,3,0.04132231404958678
Phi,122,0,5,1,0.0
