{
  "CodeLlama": 0.6944444444444445,
  "Gemma": 0.3909090909090909,
  "GPT4o": 0.19841269841269846,
  "Mixtral": 0.44,
  "MixtralExpert": 0.256198347107438,
  "Phi": 0.010928961748633866
}