{
  "CodeLlama": 0.5041095890410958,
  "Mixtral": 0.639080459770115,
  "Phi": 0.6259740259740261
}