blind_name,yes_yes,yes_no,no_yes,no_no,blind_rate
CodeLlama,12,15,13,88,0.5555555555555556
Gemma,116,2,7,3,0.01694915254237288
GPT4o,125,1,1,1,0.007936507936507936
Mixtral,123,5,0,0,0.0390625
MixtralExpert,125,3,0,0,0.0234375
Phi,127,0,1,0,0.0
