blind_name,yes_yes,yes_no,no_yes,no_no,blind_rate
CodeLlama,5,22,4,97,0.8148148148148148
Gemma,88,30,2,8,0.2542372881355932
GPT4o,123,3,1,1,0.023809523809523808
Mixtral,120,8,0,0,0.0625
MixtralExpert,111,17,0,0,0.1328125
Phi,127,0,1,0,0.0
