blind_name,yes_yes,yes_no,no_yes,no_no,blind_rate
CodeLlama,16,11,48,53,0.4074074074074074
Gemma,118,0,10,0,0.0
GPT4o,121,5,1,1,0.03968253968253968
Mixtral,125,3,0,0,0.0234375
MixtralExpert,126,2,0,0,0.015625
Phi,127,0,1,0,0.0
