blind_name,yes_yes,yes_no,no_yes,no_no,blind_rate
CodeLlama,14,13,45,56,0.48148148148148145
Gemma,118,0,10,0,0.0
GPT4o,125,1,1,1,0.007936507936507936
Mixtral,126,2,0,0,0.015625
MixtralExpert,125,3,0,0,0.0234375
Phi,127,0,1,0,0.0
