{
  "CodeLlama": 0.9384615384615385,
  "Gemma": 0.2804597701149425,
  "Mixtral": 0.6904761904761905,
  "MixtralExpert": 0.5534883720930234,
  "Phi": 0.5724137931034482
}