{
  "CodeLlama": 0.5773584905660377,
  "Mixtral": 0.7422222222222222,
  "Phi": 0.6393939393939394
}