{
  "CodeLlama": 0.9390243902439025,
  "Gemma": 0.30105263157894735,
  "Mixtral": 0.7041666666666667,
  "MixtralExpert": 0.5511111111111111,
  "Phi": 0.5870967741935484
}