{
  "CodeLlama": 0.1481481481481481,
  "Gemma": 0.556497175141243,
  "GPT4o": 0.17460317460317457,
  "Mixtral": 0.5989583333333334,
  "MixtralExpert": 0.3098958333333333,
  "Phi": 0.16272965879265092
}