{
  "CodeLlama": 0.45679012345679015,
  "Gemma": 0.15536723163841806,
  "GPT4o": 0.18253968253968256,
  "Mixtral": 0.3098958333333333,
  "MixtralExpert": 0.1953125,
  "Phi": 0.010498687664041967
}