{
  "CodeLlama": 0.9479166666666666,
  "Gemma": 0.32954545454545453,
  "GPT4o": 0.011904761904761876,
  "Mixtral": 0.166,
  "MixtralExpert": 0.12396694214876026,
  "Phi": 0.014344262295081948
}