blind_name,Mixtral,MixtralExpert,Gemma,CodeLlama,Phi,GPT4o
tool,0.4531 (58/128),0.2734 (35/128),0.8305 (98/118),0.963 (26/27),0.1732 (22/127),0 (0/0)
random,0.03906 (5/128),0.03125 (4/128),0.2373 (28/118),0.3333 (9/27),0 (0/127),0 (0/126)
benign_comments,0.5312 (68/128),0.4922 (63/128),0.6271 (74/118),0.963 (26/27),0.937 (119/127),0.2143 (27/126)
benign_rename,0 (0/128),0.05469 (7/128),0.01695 (2/118),0.7037 (19/27),0.02362 (3/127),0 (0/126)
