blind_name,Mixtral,MixtralExpert,Gemma,CodeLlama,Phi,GPT4o
tool,0.448 (56/125),0.2645 (32/121),0.8182 (90/110),0.9583 (23/24),0.1803 (22/122),0 (0/0)
random,0.04 (5/125),0.03306 (4/121),0.2364 (26/110),0.2917 (7/24),0 (0/122),0 (0/126)
benign_comments,0.52 (65/125),0.4876 (59/121),0.6 (66/110),0.9583 (23/24),0.9344 (114/122),0.2143 (27/126)
benign_rename,0 (0/125),0.05785 (7/121),0.01818 (2/110),0.7083 (17/24),0.02459 (3/122),0 (0/126)
