blind_name,Mixtral,MixtralExpert,Gemma,CodeLlama,Phi,GPT4o
tool,0.584 (73/125),0.4215 (51/121),0.8273 (91/110),0.9583 (23/24),0.3607 (44/122),0 (0/0)
random,0.056 (7/125),0.09091 (11/121),0.3636 (40/110),0.5417 (13/24),0.008197 (1/122),0 (0/126)
benign_comments,0.56 (70/125),0.5537 (67/121),0.6455 (71/110),0.9583 (23/24),0.9344 (114/122),0.2143 (27/126)
benign_rename,0.008 (1/125),0.09091 (11/121),0.02727 (3/110),0.75 (18/24),0.02459 (3/122),0.007937 (1/126)
