blind_name,yes_yes,yes_no,no_yes,no_no,blind_rate
CodeLlama,12,12,26,78,0.5
Gemma,100,10,13,5,0.09090909090909091
GPT4o,121,5,0,2,0.03968253968253968
Mixtral,125,0,3,0,0.0
MixtralExpert,121,0,6,1,0.0
Phi,122,0,6,0,0.0
