blind_name,yes_yes,yes_no,no_yes,no_no,blind_rate
CodeLlama,12,12,26,78,0.5
Gemma,109,1,18,0,0.00909090909090909
GPT4o,124,2,1,1,0.015873015873015872
Mixtral,124,1,3,0,0.008
MixtralExpert,120,1,7,0,0.008264462809917356
Phi,122,0,6,0,0.0
