blind_name,yes_yes,yes_no,no_yes,no_no,blind_rate
CodeLlama,4,20,5,99,0.8333333333333334
Gemma,84,26,6,12,0.23636363636363636
GPT4o,123,3,1,1,0.023809523809523808
Mixtral,118,7,2,1,0.056
MixtralExpert,106,15,5,2,0.12396694214876033
Phi,122,0,6,0,0.0
