blind_name,yes_yes,yes_no,no_yes,no_no,blind_rate
CodeLlama,19,5,45,59,0.20833333333333334
Gemma,110,0,18,0,0.0
GPT4o,122,4,1,1,0.031746031746031744
Mixtral,124,1,3,0,0.008
MixtralExpert,121,0,6,1,0.0
Phi,122,0,6,0,0.0
