blind_name,yes_yes,yes_no,no_yes,no_no,blind_rate
CodeLlama,12,12,47,57,0.5
Gemma,110,0,18,0,0.0
GPT4o,125,1,1,1,0.007936507936507936
Mixtral,123,2,3,0,0.016
MixtralExpert,118,3,7,0,0.024793388429752067
Phi,122,0,6,0,0.0
