blind_name,yes_yes,yes_no,no_yes,no_no,blind_rate
CodeLlama,12,12,42,62,0.5
Gemma,98,12,11,7,0.10909090909090909
GPT4o,116,10,1,1,0.07936507936507936
Mixtral,123,2,3,0,0.016
MixtralExpert,121,0,7,0,0.0
Phi,122,0,6,0,0.0
