blind_name,yes_yes,yes_no,no_yes,no_no,blind_rate
CodeLlama,19,5,77,27,0.20833333333333334
Gemma,99,11,9,9,0.1
GPT4o,125,1,1,1,0.007936507936507936
Mixtral,123,2,3,0,0.016
MixtralExpert,121,0,5,2,0.0
Phi,122,0,5,1,0.0
