blind_name,yes_yes,yes_no,no_yes,no_no,blind_rate
CodeLlama,15,9,21,83,0.375
Gemma,94,16,8,10,0.14545454545454545
GPT4o,111,15,1,1,0.11904761904761904
Mixtral,116,9,3,0,0.072
MixtralExpert,119,2,5,2,0.01652892561983471
Phi,121,1,6,0,0.00819672131147541
