blind_name,yes_yes,yes_no,no_yes,no_no,blind_rate
CodeLlama,9,15,26,78,0.625
Gemma,84,26,8,10,0.23636363636363636
GPT4o,120,6,1,1,0.047619047619047616
Mixtral,124,1,3,0,0.008
MixtralExpert,119,2,5,2,0.01652892561983471
Phi,122,0,6,0,0.0
