{
  "CodeLlama": 0.26388888888888884,
  "Gemma": 0.2696969696969696,
  "GPT4o": 0.044973544973544936,
  "Mixtral": 0.3973333333333333,
  "MixtralExpert": 0.2837465564738291,
  "Phi": 0.12841530054644804
}