{
  "CodeLlama": 0.22222222222222218,
  "Gemma": 0.6073446327683616,
  "GPT4o": 0.11111111111111106,
  "Mixtral": 0.6276041666666666,
  "MixtralExpert": 0.3151041666666667,
  "Phi": 0.1338582677165354
}