{
  "CodeLlama": 0.25925925925925924,
  "Gemma": 0.3248587570621469,
  "GPT4o": 0.021164021164021135,
  "Mixtral": 0.4114583333333333,
  "MixtralExpert": 0.3828125,
  "Phi": 0.1076115485564304
}