{
  "CodeLlama": 0.23611111111111108,
  "Gemma": 0.4515151515151515,
  "GPT4o": 0.021164021164021135,
  "Mixtral": 0.4933333333333334,
  "MixtralExpert": 0.5482093663911846,
  "Phi": 0.24316939890710376
}