{
  "CodeLlama": 0.9583333333333334,
  "Gemma": 0.4727272727272727,
  "GPT4o": 0.015873015873015834,
  "Mixtral": 0.31466666666666665,
  "MixtralExpert": 0.2727272727272727,
  "Phi": 0.019125683060109266
}