{
  "CodeLlama": 0.345679012345679,
  "Gemma": 0.6045197740112994,
  "GPT4o": 0.10052910052910051,
  "Mixtral": 0.6276041666666666,
  "MixtralExpert": 0.3307291666666667,
  "Phi": 0.13385826771653542
}