{
  "CodeLlama": 0.7777777777777778,
  "Gemma": 0.4909090909090909,
  "GPT4o": 0.19576719576719573,
  "Mixtral": 0.3866666666666667,
  "MixtralExpert": 0.34159779614325064,
  "Phi": 0.010928961748633866
}