{
  "CodeLlama": 0.2083333333333333,
  "Gemma": 0.5909090909090908,
  "GPT4o": 0.11111111111111106,
  "Mixtral": 0.6293333333333333,
  "MixtralExpert": 0.2920110192837465,
  "Phi": 0.13661202185792345
}