{
  "CodeLlama": 0.3209876543209876,
  "Gemma": 0.2740112994350283,
  "GPT4o": 0.05820105820105817,
  "Mixtral": 0.4010416666666667,
  "MixtralExpert": 0.2994791666666667,
  "Phi": 0.12335958005249341
}