{
  "CodeLlama": 0.3333333333333333,
  "Gemma": 0.406060606060606,
  "GPT4o": 0.05820105820105817,
  "Mixtral": 0.48266666666666674,
  "MixtralExpert": 0.40495867768595034,
  "Phi": 0.22131147540983598
}