{
  "CodeLlama": 0.23611111111111108,
  "Gemma": 0.3272727272727272,
  "GPT4o": 0.021164021164021135,
  "Mixtral": 0.4106666666666667,
  "MixtralExpert": 0.37465564738292007,
  "Phi": 0.11202185792349724
}