{
  "CodeLlama": 0.4861111111111111,
  "Gemma": 0.12121212121212117,
  "GPT4o": 0.19312169312169314,
  "Mixtral": 0.30933333333333335,
  "MixtralExpert": 0.17355371900826444,
  "Phi": 0.013661202185792332
}