{
  "CodeLlama": 0.9641025641025642,
  "Gemma": 0.2919540229885057,
  "Mixtral": 0.7142857142857142,
  "MixtralExpert": 0.5627906976744187,
  "Phi": 0.5793103448275863
}