{
  "CodeLlama": 0.5308641975308641,
  "Gemma": 0.36723163841807915,
  "GPT4o": 0.07407407407407403,
  "Mixtral": 0.19010416666666666,
  "MixtralExpert": 0.2109375,
  "Phi": 0.010498687664041967
}