blind_name,yes_yes,yes_no,no_yes,no_no,blind_rate
CodeLlama,13,40,2,45,0.7547169811320755
Mixtral,13,32,11,44,0.7111111111111111
Phi,37,29,2,32,0.4393939393939394
