blind_name,yes_yes,yes_no,no_yes,no_no,blind_rate
CodeLlama,35,18,10,37,0.33962264150943394
Mixtral,24,21,19,36,0.4666666666666667
Phi,41,25,4,30,0.3787878787878788
