blind_name,yes_yes,yes_no,no_yes,no_no,blind_rate
CodeLlama,50,3,32,15,0.05660377358490566
Mixtral,27,18,27,28,0.4
Phi,43,23,3,31,0.3484848484848485
