blind_name,yes_yes,yes_no,no_yes,no_no,blind_rate
CodeLlama,45,8,18,29,0.1509433962264151
Mixtral,30,15,18,37,0.3333333333333333
Phi,14,52,1,33,0.7878787878787878
