{
  "CodeLlama": 0.7361111111111112,
  "Gemma": 0.4424242424242424,
  "GPT4o": 0.18253968253968256,
  "Mixtral": 0.42933333333333334,
  "MixtralExpert": 0.3195592286501377,
  "Phi": 0.010928961748633866
}