{
  "CodeLlama": 0.4320987654320987,
  "Gemma": 0.15536723163841806,
  "GPT4o": 0.19841269841269846,
  "Mixtral": 0.2604166666666667,
  "MixtralExpert": 0.15104166666666666,
  "Phi": 0.010498687664041967
}