{
  "CodeLlama": 0.7,
  "Gemma": 0.369090909090909,
  "GPT4o": 0.09682539682539679,
  "Mixtral": 0.1584,
  "MixtralExpert": 0.15537190082644625,
  "Phi": 0.19508196721311477
}