{
  "CodeLlama": 0.4444444444444444,
  "Gemma": 0.14545454545454542,
  "GPT4o": 0.18253968253968256,
  "Mixtral": 0.304,
  "MixtralExpert": 0.19008264462809912,
  "Phi": 0.0081967213114754
}