blind_name,yes_yes,yes_no,no_yes,no_no,blind_rate
CodeLlama,13,40,1,46,0.7547169811320755
Mixtral,10,35,4,51,0.7777777777777778
Phi,34,32,1,33,0.48484848484848486
