blind_name,yes_yes,yes_no,no_yes,no_no,blind_rate
CodeLlama,32,21,4,43,0.39622641509433965
Mixtral,17,28,4,51,0.6222222222222222
Phi,14,52,0,34,0.7878787878787878
