blind_name,yes_yes,yes_no,no_yes,no_no,blind_rate
CodeLlama,39,14,14,33,0.2641509433962264
Mixtral,17,28,11,44,0.6222222222222222
Phi,37,29,2,32,0.4393939393939394
