blind_name,yes_yes,yes_no,no_yes,no_no,blind_rate
CodeLlama,28,25,2,45,0.4716981132075472
Mixtral,13,32,5,50,0.7111111111111111
Phi,32,34,3,31,0.5151515151515151
