blind_name,yes_yes,yes_no,no_yes,no_no,blind_rate
CodeLlama,7,17,37,67,0.7083333333333334
Gemma,76,34,7,11,0.3090909090909091
GPT4o,57,69,0,2,0.5476190476190477
Mixtral,63,62,1,2,0.496
MixtralExpert,86,35,2,5,0.2892561983471074
Phi,122,0,5,1,0.0
