{
  "CodeLlama": 0.13888888888888887,
  "Gemma": 0.5454545454545454,
  "GPT4o": 0.17460317460317457,
  "Mixtral": 0.5946666666666667,
  "MixtralExpert": 0.29476584022038566,
  "Phi": 0.1612021857923497
}