{
  "CodeLlama": 0.5277777777777778,
  "Gemma": 0.6666666666666666,
  "GPT4o": 0.10317460317460314,
  "Mixtral": 0.6986666666666667,
  "MixtralExpert": 0.43801652892561976,
  "Phi": 0.22404371584699448
}