{
  "CodeLlama": 0.3333333333333333,
  "Gemma": 0.5939393939393939,
  "GPT4o": 0.10052910052910051,
  "Mixtral": 0.624,
  "MixtralExpert": 0.3195592286501377,
  "Phi": 0.13661202185792348
}