blind_name,yes_yes,yes_no,no_yes,no_no,blind_rate
1644-CustomToken.CustomToken,45,65,3,15,0.5909090909090909
603-wehome.transfer,60,50,3,15,0.45454545454545453
1721-StringYokes.zint_bytes32ToString,64,46,5,13,0.41818181818181815
1726-StringYokes.zint_bytes32ToString,65,45,4,14,0.4090909090909091
