{
  "CodeLlama": 0.9583333333333334,
  "Gemma": 0.46818181818181814,
  "GPT4o": 0.01388888888888885,
  "Mixtral": 0.246,
  "MixtralExpert": 0.24380165289256198,
  "Phi": 0.018442622950819648
}