{
  "CodeLlama": 0.925925925925926,
  "Gemma": 0.37288135593220334,
  "GPT4o": 0.0132275132275132,
  "Mixtral": 0.22135416666666666,
  "MixtralExpert": 0.13541666666666666,
  "Phi": 0.0236220472440944
}